{
    "avg_prec": {
        "train": 1.0,
        "test": 0.9754101717708907
    },
    "roc_auc": {
        "train": 1.0,
        "test": 0.9776520509193777
    }
}
