{
    "avg_prec": {
        "train": 1.0,
        "test": 0.9797545086906476
    },
    "roc_auc": {
        "train": 1.0,
        "test": 0.9822695035460993
    }
}
