{
    "avg_prec": {
        "train": 0.9999621298189805,
        "test": 0.9789814923508259
    },
    "roc_auc": {
        "train": 0.999976529127353,
        "test": 0.9821586879432624
    }
}
